Algorithm,Support,Confidence,Time_ms,Rule_Count,Avg_Lift
Apriori,0.05,0.6,1134.718628,1625,3.1497966882987183
Apriori,0.05,0.7,1134.718628,942,3.381943634331882
Apriori,0.05,0.8,1134.718628,526,3.6033560673703593
Apriori,0.0375,0.6,3034.928482,4982,4.040256829009479
Apriori,0.0375,0.7,3034.928482,3041,4.14371124283685
Apriori,0.0375,0.8,3034.928482,1705,4.336814971760203
Apriori,0.025,0.6,14190.555839,26357,5.18573193793787
Apriori,0.025,0.7,14190.555839,16540,5.090834962489543
Apriori,0.025,0.8,14190.555839,9078,5.131856818033567
