Algorithm,Support,Confidence,Time_ms,Rule_Count,Avg_Lift
Apriori,0.1,0.5,350.497849,206,1.749448992851401
Apriori,0.1,0.6,350.497849,164,1.774652033145398
Apriori,0.1,0.7,350.497849,72,2.036381695571128
Apriori,0.5,0.5,3.665232,0,0.0
Apriori,0.5,0.6,3.665232,0,0.0
Apriori,0.5,0.7,3.665232,0,0.0
