Algorithm,Support,Confidence,Time_ms,Rule_Count,Avg_Lift
Apriori,0.1,0.5,173.867486,206,1.749448992851401
Apriori,0.1,0.6,173.867486,164,1.774652033145398
Apriori,0.1,0.7,173.867486,72,2.036381695571128
Apriori,0.05,0.5,3990.50225,2248,3.144057008907604
Apriori,0.05,0.6,3990.50225,1625,3.1497966882987183
Apriori,0.05,0.7,3990.50225,942,3.3819436343318823
