Algorithm,Support,Confidence,Time_ms,Rule_Count,Avg_Lift
Apriori,0.1,0.5,347.434736,206,1.749448992851401
Apriori,0.1,0.6,347.434736,164,1.7746520331453977
Apriori,0.1,0.7,347.434736,72,2.036381695571128
Apriori,0.05,0.5,1459.166528,2248,3.144057008907604
Apriori,0.05,0.6,1459.166528,1625,3.1497966882987183
Apriori,0.05,0.7,1459.166528,942,3.381943634331882
