Algorithm,Support,Confidence,Time_ms,Rule_Count,Avg_Lift
Apriori,0.1,0.5,193.363603,206,1.749448992851401
Apriori,0.1,0.6,193.363603,164,1.7746520331453977
Apriori,0.1,0.7,193.363603,72,2.036381695571128
Apriori,0.5,0.5,3.521937,0,0.0
Apriori,0.5,0.6,3.521937,0,0.0
Apriori,0.5,0.7,3.521937,0,0.0
