Algorithm,Support,Confidence,Time_ms,Rule_Count,Avg_Lift
Apriori,0.05,0.6,1995.416923,1625,3.1497966882987183
Apriori,0.05,0.7,1995.416923,942,3.381943634331882
Apriori,0.05,0.8,1995.416923,526,3.6033560673703593
Apriori,0.0375,0.6,3571.876155,4982,4.040256829009479
Apriori,0.0375,0.7,3571.876155,3041,4.143711242836849
Apriori,0.0375,0.8,3571.876155,1705,4.3368149717602025
Apriori,0.025,0.6,12421.197011,26357,5.18573193793787
Apriori,0.025,0.7,12421.197011,16540,5.090834962489543
Apriori,0.025,0.8,12421.197011,9078,5.131856818033566
